categoryid,parentid,categoryname,categoryorder,categoryvisible,alternateurl,lastmodified,category_displaymode,subcategory_displaymode1,display_columns,display_rows,display_showlistprice,display_showyousave,display_showdescriptionshort,display_showavailability,display_featuredproductsonly,rootid,metatag_title,metatag_description,default_sortby,link_title_tag,category_graphic_placement,filtercategory,categorydescriptionshort,categorydescription,metatag_keywords,categorydescription_belowproducts,custom_where_clause,hidden,breadcrumb,photoseed,subcategory_displaymode1_responsive,subcategory_displaycolumns_responsive
1,0,ALL MEN'S SHOES,4,1,,10/5/2016 14:03,2,1,3,50,N,N,Y,N,N,1,,,Newest,ALL MEN'S SHOES,TOP,N,,,,,,N,,1463488533,,4
2,1,Boots,0,,,9/13/2016 13:21,2,1,3,50,N,N,Y,N,N,1,,,Newest,Mens_Boots,TOP,N,,,,,,N,ALL MEN'S SHOES,,,3
5,34,Dress Slip-On,0,,,5/9/2016 14:19,2,1,3,50,N,N,Y,N,N,1,,,Newest,Mens_Dress_Slip_On,TOP,N,,,,,,N,ALL MEN'S SHOES > Dress Shoes,,1,3
6,34,Dress Tie,0,,,5/9/2016 14:20,2,1,3,50,N,N,Y,N,N,1,,,Newest,Mens_Dress_Tie,TOP,N,,,,,,N,ALL MEN'S SHOES > Dress Shoes,,1,3
7,0,ALL WOMEN'S SHOES,3,1,,10/5/2016 14:01,2,1,4,50,N,N,Y,N,N,7,"Reyers has an excellent selection of Womens Shoes, Sandals, Boots, and more.  Ugg, Bearpaw, you name it","Reyers has an excellent selection of Womens Shoes, Sandals, Boots, and more.  Ugg, Bearpaw, you name it",Newest,ALL WOMEN'S SHOES,TOP,N,,,"Womens shoes, boots, sandals, pumps, heels, slippers",,,N,,1469778797,,4
8,7,Clogs,3,,,5/9/2016 13:12,2,1,3,50,Y,Y,Y,N,N,7,,,Newest,Womens_Clogs,TOP,N,,,,,,N,ALL WOMEN'S SHOES,,1,3
9,7,Evening,4,,,5/9/2016 13:13,2,1,3,50,Y,Y,Y,N,N,7,,,Newest,Womens_Evening_Shoes,TOP,N,,,,,,N,ALL WOMEN'S SHOES,,1,3
13,7,Boots,1,,,10/5/2016 14:01,2,1,3,50,Y,Y,Y,N,N,7,,,Newest,Womens_Boots,TOP,N,,,,,,N,ALL WOMEN'S SHOES,,1,4
14,13,Dress Boots,0,,,5/9/2016 13:10,2,1,3,5,Y,Y,Y,N,N,7,,,Newest,Womens_Dress_Boots,TOP,N,,,,,,N,ALL WOMEN'S SHOES > Boots,,1,3
15,13,Cold Weather,0,,,5/9/2016 13:10,2,1,3,5,Y,Y,Y,N,N,7,,,Newest,Womens_Cold_Weather_Boots,TOP,N,,,,,,N,ALL WOMEN'S SHOES > Boots,,1,3
16,13,Western Boots,0,,,5/9/2016 13:11,2,1,3,5,Y,Y,Y,N,N,7,,,Newest,Womens_Western_Boots,TOP,N,,,,,,N,ALL WOMEN'S SHOES > Boots,,1,3
19,7,Casual,2,,,5/9/2016 13:11,2,1,3,50,Y,Y,Y,N,N,7,,,Newest,Womens_Casual_Shoes,TOP,N,,,,,,N,ALL WOMEN'S SHOES,,1,3
29,7,Sandals,10,,,5/9/2016 13:13,2,1,3,50,Y,Y,Y,N,N,7,,,Newest,Womens_Sandals,TOP,N,,,,,,N,ALL WOMEN'S SHOES,,1,3
32,7,Slippers,9,,,5/9/2016 13:13,2,1,3,50,Y,Y,Y,N,N,7,,,Newest,Womens_Slippers,TOP,N,,,,,,N,ALL WOMEN'S SHOES,,1,3
33,1,Casual Shoes,0,,,5/9/2016 14:19,2,1,3,50,N,N,Y,N,N,1,,,Newest,Mens_Casual_Shoes,TOP,N,,,,,,N,ALL MEN'S SHOES,,1,3
34,1,Dress Shoes,0,,,9/13/2016 13:22,2,1,3,50,N,N,Y,N,N,1,,,Newest,Mens_Dress_Shoes,TOP,N,,,,,,N,ALL MEN'S SHOES,,,3
35,1,Athletic Shoes,0,,,10/5/2016 14:05,2,1,3,50,N,N,Y,N,N,1,,,Newest,Mens_Athletic_Shoes,TOP,N,,,,,,N,ALL MEN'S SHOES,1463488648,,4
36,35,Running,1,,,5/9/2016 14:18,2,1,3,50,N,N,Y,N,N,1,,,Newest,Mens_Running,TOP,N,,,,,,N,ALL MEN'S SHOES > Athletic Shoes,,1,3
38,35,Walking,1,,,5/9/2016 14:18,2,1,3,50,N,N,Y,N,N,1,,,Newest,Mens_Walking,TOP,N,,,,,,N,ALL MEN'S SHOES > Athletic Shoes,,1,3
39,7,Athletics,0,,,10/5/2016 13:42,2,1,3,50,Y,Y,Y,N,N,7,,,Newest,Womens_Athletic_Shoes,TOP,N,,,,,,N,ALL WOMEN'S SHOES,1463488681,,4
40,39,Running,0,,,5/9/2016 13:07,2,1,3,5,Y,Y,Y,N,N,7,,,Newest,Womens_Running,TOP,N,,,,,,N,ALL WOMEN'S SHOES > Athletics,,1,3
41,39,Cross Trainers,0,,,5/9/2016 13:06,2,1,3,5,Y,Y,Y,N,N,7,,,Newest,Womens_Cross_Trainers,TOP,N,,,,,,N,ALL WOMEN'S SHOES > Athletics,,1,3
42,39,Walking,0,,,5/9/2016 13:08,2,1,3,5,Y,Y,Y,N,N,7,,,Newest,Womens_Walking,TOP,N,,,,,,N,ALL WOMEN'S SHOES > Athletics,,1,3
50,1,Sandals,2,,,5/9/2016 14:20,2,1,3,50,N,N,Y,N,N,1,,,Newest,Mens_Sandals,TOP,N,,,,,,N,ALL MEN'S SHOES,,1,3
51,35,Cross Training,1,,,5/9/2016 14:17,2,1,3,50,N,N,Y,N,N,1,,,Newest,Mens_Cross_Training,TOP,N,,,,,,N,ALL MEN'S SHOES > Athletic Shoes,,1,3
52,1,Slippers,3,,,5/9/2016 14:20,2,1,3,50,N,N,Y,N,N,1,,,Newest,Mens_Slippers,TOP,N,,,,,,N,ALL MEN'S SHOES,,1,3
59,39,Tennis,0,,,5/9/2016 13:07,2,1,3,5,Y,Y,Y,N,N,7,,,Newest,Womens_Tennis,TOP,N,,,,,,N,ALL WOMEN'S SHOES > Athletics,,1,3
66,0,Gift Cards,8,1,,9/13/2016 13:18,2,1,3,5,N,N,Y,N,N,66,,,Newest,Gift Card,TOP,N,"<p> </p> <p>Having trouble finding a gift for that hard to shop for person?   Get them a Reyers Gift</p> <p>Card, the gift that always fits.</p> <p></p> <p> </p>",,,,,N,,1463488621,,3
73,0,ACCESSORIES,7,1,,10/5/2016 14:06,2,1,3,5,N,N,N,N,N,73,,,Newest,ACCESSORIES,TOP,Y,,,,,,N,,1469778649,,4
75,35,Basketball Shoes,0,,,5/9/2016 14:17,2,1,3,50,N,N,Y,N,N,1,,,Newest,Mens_Basketball_Shoes,TOP,N,,,,,,N,ALL MEN'S SHOES > Athletic Shoes,,1,3
105,2,Steel Toe,1,,,5/9/2016 14:19,2,1,3,50,N,N,Y,N,N,1,,,Newest,Mens_Steel_Toe_Boots,TOP,N,,,,,,N,ALL MEN'S SHOES > Boots,,1,3
106,0,,100,S,,10/5/2016 13:58,6,1,4,3,Y,,N,N,N,106,,,Newest,,,,,,,,,,,,1,3
107,0,Mens Width,1,8,,6/30/2014 0:03,2,1,3,5,N,N,Y,N,,107,,,,,,Y,,,,,,Y,,,1,3
108,107,AAA,,,,7/8/2015 16:02,2,1,3,5,N,N,N,N,,107,,,,AAA Width,,N,,,,,,Y,Mens Width,,1,3
109,107,AA,,,,7/8/2015 16:02,2,1,3,5,N,N,N,N,,107,,,,AA Width,,N,,,,,,Y,Mens Width,,1,3
110,107,A,,,,7/8/2015 16:01,2,1,3,5,N,N,N,N,,107,,,,A Width,,Y,,,,,,Y,Mens Width,,1,3
111,107,B (N),,,,7/8/2015 16:02,2,1,3,5,N,N,N,N,,107,,,,B(N) Width,,N,,,,,,Y,Mens Width,,1,3
112,107,C,,,,7/8/2015 16:02,2,1,3,5,N,N,N,N,,107,,,,C Width,,N,,,,,,Y,Mens Width,,1,3
113,107,D (M),,,,7/8/2015 16:02,2,1,3,5,N,N,N,N,,107,,,,D(M) Width,,N,,,,,,Y,Mens Width,,1,3
114,107,E (W),,,,7/8/2015 16:02,2,1,3,5,N,N,N,N,,107,,,,E(W) Width,,N,,,,,,Y,Mens Width,,1,3
115,107,EE (XW),,,,7/8/2015 16:03,2,1,3,5,N,N,N,N,,107,,,,EE(XW) Width,,N,,,,,,Y,Mens Width,,1,3
116,107,EEE (WW),,,,7/8/2015 16:03,2,1,3,5,N,N,N,N,,107,,,,EEE(WW) Width,,N,,,,,,Y,Mens Width,,1,3
117,107,EEEE (WWW),,,,7/8/2015 16:03,2,1,3,5,N,N,N,N,,107,,,,EEEE(WWW) Width,,N,,,,,,Y,Mens Width,,1,3
118,107,EEEEE,,,,7/8/2015 16:03,2,1,3,5,N,N,Y,N,,107,,,,EEEEE Width,,N,,,,,,Y,Mens Width,,1,3
119,107,EEEEEE,,,,7/8/2015 16:03,2,1,3,5,N,N,N,N,,107,,,,EEEEEE Width,,N,,,,,,Y,Mens Width,,1,3
120,0,Womens Width,2,8,,6/29/2014 23:12,2,1,3,5,N,N,N,N,,120,,,,,,Y,,,,,,Y,,,1,3
121,120,SS (AAAA),,,,7/8/2015 15:35,2,1,3,5,N,N,N,N,,120,,,,SS(AAAA) Width,,N,,,,,,Y,Womens Width,,1,3
122,120,S (AAA),,,,7/8/2015 15:38,2,1,3,5,N,N,N,N,,120,,,,S(AAA) Width,,N,,,,,,Y,Womens Width,,1,3
123,120,N (AA),,,,7/8/2015 15:35,2,1,3,5,N,N,N,N,,120,,,,N(AA) Width,,N,,,,,,Y,Womens Width,,1,3
124,120,M (B),,,,7/8/2015 15:34,2,1,3,5,N,N,N,N,,120,,,,M(B) Width,,Y,,,,,,Y,Womens Width,,1,3
125,120,"W (C,D)",,,,7/8/2015 15:36,2,1,3,5,N,N,N,N,,120,,,,"W(C,D) Width",,N,,,,,,Y,Womens Width,,1,3
126,120,"WW (E,EE)",,,,7/8/2015 15:36,2,1,3,5,N,N,N,N,,120,,,,"WW(E,EE) Width",,N,,,,,,Y,Womens Width,,1,3
127,120,WWW (EEE),,,,7/8/2015 15:36,2,1,3,5,N,N,N,N,,120,,,,WWW(EEE) Width,,N,,,,,,Y,Womens Width,,1,3
128,120,WWWW (EEEE),,,,7/8/2015 15:36,2,1,3,5,N,N,N,N,,120,,,,WWWW(EEEE) Width,,N,,,,,,Y,Womens Width,,1,3
129,0,Size,0,8,,6/30/2014 11:01,2,1,3,5,N,N,N,N,,129,,,,,,Y,,,,,,Y,,,1,3
130,129,2,100,,,6/30/2014 0:06,2,1,3,5,N,N,N,N,,129,,,,,,,,,,,,Y,Size,,1,3
131,129,3,100,,,6/30/2014 0:06,2,1,3,5,N,N,N,N,,129,,,,,,,,,,,,Y,Size,,1,3
132,129,3.5,100,,,6/30/2014 0:06,2,1,3,5,N,N,N,N,,129,,,,,,,,,,,,Y,Size,,1,3
133,129,4,100,,,6/30/2014 0:06,2,1,3,5,N,N,N,N,,129,,,,,,,,,,,,Y,Size,,1,3
134,129,4.5,100,,,6/30/2014 0:06,2,1,3,5,N,N,N,N,,129,,,,,,,,,,,,Y,Size,,1,3
135,129,5,100,,,6/30/2014 0:06,2,1,3,5,N,N,N,N,,129,,,,,,,,,,,,Y,Size,,1,3
136,129,5.5,100,,,6/30/2014 0:06,2,1,3,5,N,N,N,N,,129,,,,,,,,,,,,Y,Size,,1,3
137,129,6,100,,,6/30/2014 0:06,2,1,3,5,N,N,N,N,,129,,,,,,,,,,,,Y,Size,,1,3
138,129,6.5,100,,,6/30/2014 0:06,2,1,3,5,N,N,N,N,,129,,,,,,,,,,,,Y,Size,,1,3
139,129,7,100,,,6/30/2014 0:06,2,1,3,5,N,N,N,N,,129,,,,,,,,,,,,Y,Size,,1,3
140,129,7.5,100,,,6/30/2014 0:06,2,1,3,5,N,N,N,N,,129,,,,,,,,,,,,Y,Size,,1,3
141,129,8,100,,,6/29/2014 23:15,2,1,3,5,N,N,N,N,,129,,,,,,N,,,,,,Y,Size,,1,3
142,129,8.5,100,,,6/30/2014 0:06,2,1,3,5,N,N,N,N,,129,,,,,,,,,,,,Y,Size,,1,3
143,129,9,100,,,6/30/2014 0:06,2,1,3,5,N,N,N,N,,129,,,,,,,,,,,,Y,Size,,1,3
144,129,9.5,100,,,6/30/2014 0:06,2,1,3,5,N,N,N,N,,129,,,,,,,,,,,,Y,Size,,1,3
145,129,10,100,,,6/30/2014 0:06,2,1,3,5,N,N,N,N,,129,,,,,,,,,,,,Y,Size,,1,3
146,129,10.5,100,,,6/30/2014 0:06,2,1,3,5,N,N,N,N,,129,,,,,,,,,,,,Y,Size,,1,3
147,129,11,100,,,6/30/2014 0:06,2,1,3,5,N,N,N,N,,129,,,,,,Y,,,,,,Y,Size,,1,3
148,129,11.5,100,,,6/30/2014 0:06,2,1,3,5,N,N,N,N,,129,,,,,,,,,,,,Y,Size,,1,3
149,129,12,100,,,6/30/2014 0:06,2,1,3,5,N,N,N,N,,129,,,,,,,,,,,,Y,Size,,1,3
150,129,12.5,100,,,6/30/2014 0:06,2,1,3,5,N,N,N,N,,129,,,,,,,,,,,,Y,Size,,1,3
151,129,13,100,,,6/30/2014 0:06,2,1,3,5,N,N,N,N,,129,,,,,,,,,,,,Y,Size,,1,3
152,129,13.5,100,,,6/30/2014 0:06,2,1,3,5,N,N,N,N,,129,,,,,,,,,,,,Y,Size,,1,3
153,129,14,100,,,6/30/2014 0:06,2,1,3,5,N,N,N,N,,129,,,,,,,,,,,,Y,Size,,1,3
154,129,14.5,100,,,6/30/2014 0:06,2,1,3,5,N,N,N,N,,129,,,,,,,,,,,,Y,Size,,1,3
155,129,15,100,,,6/30/2014 0:06,2,1,3,5,N,N,N,N,,129,,,,,,,,,,,,Y,Size,,1,3
156,129,15.5,100,,,6/30/2014 0:06,2,1,3,5,N,N,N,N,,129,,,,,,,,,,,,Y,Size,,1,3
157,129,16,100,,,6/30/2014 0:06,2,1,3,5,N,N,N,N,,129,,,,,,,,,,,,Y,Size,,1,3
158,129,16.5,100,,,6/30/2014 0:06,2,1,3,5,N,N,N,N,,129,,,,,,,,,,,,Y,Size,,1,3
159,129,17,100,,,6/30/2014 0:06,2,1,3,5,N,N,N,N,,129,,,,,,,,,,,,Y,Size,,1,3
160,129,17.5,100,,,6/30/2014 0:06,2,1,3,5,N,N,N,N,,129,,,,,,,,,,,,Y,Size,,1,3
161,129,18,100,,,6/30/2014 0:06,2,1,3,5,N,N,N,N,,129,,,,,,,,,,,,Y,Size,,1,3
162,129,18.5,100,,,6/30/2014 0:06,2,1,3,5,N,N,N,N,,129,,,,,,,,,,,,Y,Size,,1,3
163,129,19,100,,,6/30/2014 0:06,2,1,3,5,N,N,N,N,,129,,,,,,,,,,,,Y,Size,,1,3
164,129,20,100,,,6/30/2014 0:06,2,1,3,5,N,N,N,N,,129,,,,,,,,,,,,Y,Size,,1,3
165,129,20.5,100,,,6/30/2014 0:06,2,1,3,5,N,N,N,N,,129,,,,,,,,,,,,Y,Size,,1,3
166,129,21,100,,,6/30/2014 0:06,2,1,3,5,N,N,N,N,,129,,,,,,,,,,,,Y,Size,,1,3
167,129,21.5,100,,,6/30/2014 0:06,2,1,3,5,N,N,N,N,,129,,,,,,,,,,,,Y,Size,,1,3
168,129,22,100,,,6/30/2014 0:06,2,1,3,5,N,N,N,N,,129,,,,,,,,,,,,Y,Size,,1,3
169,129,22.5,100,,,6/30/2014 0:06,2,1,3,5,N,N,N,N,,129,,,,,,,,,,,,Y,Size,,1,3
170,129,23,100,,,6/30/2014 0:06,2,1,3,5,N,N,N,N,,129,,,,,,,,,,,,Y,Size,,1,3
171,129,23.5,100,,,6/30/2014 0:06,2,1,3,5,N,N,N,N,,129,,,,,,,,,,,,Y,Size,,1,3
172,129,24,100,,,6/30/2014 0:06,2,1,3,5,N,N,N,N,,129,,,,,,,,,,,,Y,Size,,1,3
173,129,24.5,100,,,6/30/2014 0:06,2,1,3,5,N,N,N,N,,129,,,,,,,,,,,,Y,Size,,1,3
174,129,25,100,,,6/30/2014 0:06,2,1,3,5,N,N,N,N,,129,,,,,,,,,,,,Y,Size,,1,3
175,129,25.5,100,,,6/30/2014 0:06,2,1,3,5,N,N,N,N,,129,,,,,,,,,,,,Y,Size,,1,3
176,129,26,100,,,6/30/2014 0:06,2,1,3,5,N,N,N,N,,129,,,,,,,,,,,,Y,Size,,1,3
177,129,26.5,100,,,6/30/2014 0:06,2,1,3,5,N,N,N,N,,129,,,,,,,,,,,,Y,Size,,1,3
178,129,27,100,,,6/30/2014 0:06,2,1,3,5,N,N,N,N,,129,,,,,,,,,,,,Y,Size,,1,3
179,129,27.5,100,,,6/30/2014 0:06,2,1,3,5,N,N,N,N,,129,,,,,,,,,,,,Y,Size,,1,3
180,129,28,100,,,6/30/2014 0:06,2,1,3,5,N,N,N,N,,129,,,,,,,,,,,,Y,Size,,1,3
181,129,28.5,100,,,6/30/2014 0:06,2,1,3,5,N,N,N,N,,129,,,,,,,,,,,,Y,Size,,1,3
182,129,29,100,,,6/30/2014 0:06,2,1,3,5,N,N,N,N,,129,,,,,,,,,,,,Y,Size,,1,3
183,129,29.5,100,,,6/30/2014 0:06,2,1,3,5,N,N,N,N,,129,,,,,,,,,,,,Y,Size,,1,3
184,129,30,100,,,6/30/2014 0:06,2,1,3,5,N,N,N,N,,129,,,,,,,,,,,,Y,Size,,1,3
185,129,30.5,100,,,6/30/2014 0:06,2,1,3,5,N,N,N,N,,129,,,,,,,,,,,,Y,Size,,1,3
186,129,31,100,,,6/30/2014 0:06,2,1,3,5,N,N,N,N,,129,,,,,,,,,,,,Y,Size,,1,3
187,129,31.5,100,,,6/30/2014 0:06,2,1,3,5,N,N,N,N,,129,,,,,,,,,,,,Y,Size,,1,3
188,129,32,100,,,6/30/2014 0:06,2,1,3,5,N,N,N,N,,129,,,,,,,,,,,,Y,Size,,1,3
189,129,32.5,100,,,6/30/2014 0:06,2,1,3,5,N,N,N,N,,129,,,,,,,,,,,,Y,Size,,1,3
190,129,33,100,,,6/30/2014 0:06,2,1,3,5,N,N,N,N,,129,,,,,,,,,,,,Y,Size,,1,3
191,129,33.5,100,,,6/30/2014 0:06,2,1,3,5,N,N,N,N,,129,,,,,,,,,,,,Y,Size,,1,3
192,129,34,100,,,6/30/2014 0:06,2,1,3,5,N,N,N,N,,129,,,,,,,,,,,,Y,Size,,1,3
193,129,34.5,100,,,6/30/2014 0:06,2,1,3,5,N,N,N,N,,129,,,,,,,,,,,,Y,Size,,1,3
194,129,35,100,,,6/30/2014 0:06,2,1,3,5,N,N,N,N,,129,,,,,,,,,,,,Y,Size,,1,3
195,129,35.5,100,,,6/30/2014 0:06,2,1,3,5,N,N,N,N,,129,,,,,,,,,,,,Y,Size,,1,3
196,129,36,100,,,6/30/2014 0:06,2,1,3,5,N,N,N,N,,129,,,,,,,,,,,,Y,Size,,1,3
197,129,36.5,100,,,6/30/2014 0:06,2,1,3,5,N,N,N,N,,129,,,,,,,,,,,,Y,Size,,1,3
198,129,37,100,,,6/30/2014 0:06,2,1,3,5,N,N,N,N,,129,,,,,,,,,,,,Y,Size,,1,3
199,129,37.5,100,,,6/30/2014 0:06,2,1,3,5,N,N,N,N,,129,,,,,,,,,,,,Y,Size,,1,3
200,129,38,100,,,6/30/2014 0:06,2,1,3,5,N,N,N,N,,129,,,,,,,,,,,,Y,Size,,1,3
201,129,38.5,100,,,6/30/2014 0:06,2,1,3,5,N,N,N,N,,129,,,,,,,,,,,,Y,Size,,1,3
202,129,39,100,,,6/30/2014 0:06,2,1,3,5,N,N,N,N,,129,,,,,,,,,,,,Y,Size,,1,3
203,129,39.5,100,,,6/30/2014 0:06,2,1,3,5,N,N,N,N,,129,,,,,,,,,,,,Y,Size,,1,3
204,129,40,100,,,6/30/2014 0:06,2,1,3,5,N,N,N,N,,129,,,,,,,,,,,,Y,Size,,1,3
205,129,40.5,100,,,6/30/2014 0:06,2,1,3,5,N,N,N,N,,129,,,,,,,,,,,,Y,Size,,1,3
206,129,41,100,,,6/30/2014 0:06,2,1,3,5,N,N,N,N,,129,,,,,,,,,,,,Y,Size,,1,3
207,129,41.5,100,,,6/30/2014 0:06,2,1,3,5,N,N,N,N,,129,,,,,,,,,,,,Y,Size,,1,3
208,129,42,100,,,6/30/2014 0:06,2,1,3,5,N,N,N,N,,129,,,,,,,,,,,,Y,Size,,1,3
209,129,42.5,100,,,6/30/2014 0:06,2,1,3,5,N,N,N,N,,129,,,,,,,,,,,,Y,Size,,1,3
210,129,43,100,,,6/30/2014 0:06,2,1,3,5,N,N,N,N,,129,,,,,,,,,,,,Y,Size,,1,3
211,129,43.5,100,,,6/30/2014 0:06,2,1,3,5,N,N,N,N,,129,,,,,,,,,,,,Y,Size,,1,3
212,129,44,100,,,6/30/2014 0:06,2,1,3,5,N,N,N,N,,129,,,,,,,,,,,,Y,Size,,1,3
213,129,44.5,100,,,6/30/2014 0:06,2,1,3,5,N,N,N,N,,129,,,,,,,,,,,,Y,Size,,1,3
214,129,45,100,,,6/30/2014 0:06,2,1,3,5,N,N,N,N,,129,,,,,,,,,,,,Y,Size,,1,3
215,129,45.5,100,,,6/30/2014 0:06,2,1,3,5,N,N,N,N,,129,,,,,,,,,,,,Y,Size,,1,3
216,129,46,100,,,6/30/2014 0:06,2,1,3,5,N,N,N,N,,129,,,,,,,,,,,,Y,Size,,1,3
217,129,46.5,100,,,6/30/2014 0:06,2,1,3,5,N,N,N,N,,129,,,,,,,,,,,,Y,Size,,1,3
218,129,47,100,,,6/30/2014 0:06,2,1,3,5,N,N,N,N,,129,,,,,,,,,,,,Y,Size,,1,3
219,129,47.5,100,,,6/30/2014 0:06,2,1,3,5,N,N,N,N,,129,,,,,,,,,,,,Y,Size,,1,3
220,129,48,100,,,6/30/2014 0:06,2,1,3,5,N,N,N,N,,129,,,,,,,,,,,,Y,Size,,1,3
221,129,48.5,100,,,6/30/2014 0:06,2,1,3,5,N,N,N,N,,129,,,,,,,,,,,,Y,Size,,1,3
222,129,49,100,,,6/30/2014 0:06,2,1,3,5,N,N,N,N,,129,,,,,,,,,,,,Y,Size,,1,3
223,129,49.5,100,,,6/30/2014 0:06,2,1,3,5,N,N,N,N,,129,,,,,,,,,,,,Y,Size,,1,3
224,129,50,100,,,6/30/2014 0:06,2,1,3,5,N,N,N,N,,129,,,,,,,,,,,,Y,Size,,1,3
225,129,51,100,,,6/30/2014 0:06,2,1,3,5,N,N,N,N,,129,,,,,,,,,,,,Y,Size,,1,3
226,129,52,100,,,6/30/2014 0:06,2,1,3,5,N,N,N,N,,129,,,,,,,,,,,,Y,Size,,1,3
227,129,53,100,,,6/30/2014 0:06,2,1,3,5,N,N,N,N,,129,,,,,,,,,,,,Y,Size,,1,3
231,0,,100,H,,7/1/2014 0:20,6,,4,2,Y,,,N,Y,231,,,,,,,,,,,,,,,0,3
232,0,New Products,,,,2/19/2013 15:00,6,,3,5,,,Y,,,232,New Shoes Listed by Reyers Shoe Store,These are the latest additions to the Reyers online store.,Newest,New_Additions,,N,,"<h1>Newly Listed Shoes</h1>Listed below are the shoes, boots, sandals, slippers, and more that Reyers has recently added to the site. &nbsp; <style type=""text/css"">table.v65-productDisplay img{ opacity: 0.9 !important;}</style>","New Shoes, New Footwear, Latest Styles, Latest Fashions, cutting edge",,"DATEDIFF(DAY, lastmodified, GETDATE()) <= 5",N,,,0,3
233,0,Mens Wide Shoes,,,,4/22/2014 9:16,6,,3,5,,,Y,,,233,,,Popularity,mens_wide_shoes,,N,,,,,"ProductID IN (SELECT Products.ProductID FROM Products,Categories_Products_Link,Products_Extended WHERE Products.ProductID=Categories_Products_Link.ProductID AND Products.ProductID=Products_Extended.ProductID AND Categories_Products_Link.CategoryID=114) or ProductID IN (SELECT Products.ProductID FROM Products,Categories_Products_Link,Products_Extended WHERE Products.ProductID=Categories_Products_Link.ProductID AND Products.ProductID=Products_Extended.ProductID AND Categories_Products_Link.CategoryID=115) or ProductID IN (SELECT Products.ProductID FROM Products,Categories_Products_Link,Products_Extended WHERE Products.ProductID=Categories_Products_Link.ProductID AND Products.ProductID=Products_Extended.ProductID AND Categories_Products_Link.CategoryID=116) or ProductID IN (SELECT Products.ProductID FROM Products,Categories_Products_Link,Products_Extended WHERE Products.ProductID=Categories_Products_Link.ProductID AND Products.ProductID=Products_Extended.ProductID AND Categories_Products_Link.CategoryID=117) or ProductID IN (SELECT Products.ProductID FROM Products,Categories_Products_Link,Products_Extended WHERE Products.ProductID=Categories_Products_Link.ProductID AND Products.ProductID=Products_Extended.ProductID AND Categories_Products_Link.CategoryID=118) or ProductID IN (SELECT Products.ProductID FROM Products,Categories_Products_Link,Products_Extended WHERE Products.ProductID=Categories_Products_Link.ProductID AND Products.ProductID=Products_Extended.ProductID AND Categories_Products_Link.CategoryID=119)",N,,,0,3
234,0,Nursing,,,,12/15/2012 23:21,6,,3,3,,,Y,,,234,Functional and Comfortable Shoes for Nurses at Reyers,Functional and Comfortable shoes that are GREAT for Nurses or anyone in the medical field that is on their feet all day.  Almost ALL these shoes have a slip resistant sole which make them even more ideal for the task.,Popularity,Nursing,,N,Nursing Shoes,,"Nursing, Shoes, Wide, Slip Resistant, Comfortable, Functional",,CustomField5 = 'Nursing',N,,1355601822,0,3
235,0,Womens Clarks,,,,4/1/2013 9:51,6,,3,20,Y,,Y,,,235,,,Popularity,,,N,,,,,ProductManufacturer='Clarks' and ProductDescriptionShort='Womens',N,,,0,3
236,0,Mens Clarks,,,,4/1/2013 9:50,6,,3,20,Y,,Y,,,236,,,Popularity,,,N,,,,,ProductManufacturer='Clarks' and ProductDescriptionShort='Mens',N,,,0,3
253,7,Dress,3,,,5/9/2016 13:12,6,,3,50,,,,,,7,,,Newest,Womens_Dress,,N,,,,,,N,ALL WOMEN'S SHOES,,0,3
256,13,Booties,,,,5/9/2016 13:09,,,,,,,,,,7,,,Newest,Womens_Booties,,N,,,,,,N,ALL WOMEN'S SHOES > Boots,,0,3
257,0,Sale,,,,8/14/2014 16:17,,,,,,,,,,257,,,,,,N,,,,,,N,,,0,3
258,1,Brands,,,,6/10/2016 12:33,,,,,,,,,,1,,,Newest,Mens_Brands,,N,,,,,,N,ALL MEN'S SHOES,,0,3
259,7,Brands,,,,7/22/2016 11:14,,,,,Y,Y,Y,,,7,,,Newest,Brands,,N,,,,,,N,ALL WOMEN'S SHOES,,0,3
260,258,Birkenstock,,,,5/9/2016 14:39,,,,,,,,,,1,,,Newest,Birkenstock,,N,,,,,ProductDescriptionShort = 'Mens' and ProductManufacturer = 'Birkenstock',N,ALL MEN'S SHOES > Brands,,0,3
261,258,Bogs,,,,5/9/2016 14:40,,,,,,,,,,1,,,Newest,Bogs,,N,,,,,ProductDescriptionShort = 'Mens' and ProductManufacturer = 'Bogs',N,ALL MEN'S SHOES > Brands,,0,3
262,258,Bostonian,,,,5/9/2016 14:45,,,,,,,,,,1,,,Newest,Bostonian,,N,,,,,ProductDescriptionShort = 'Mens' and ProductManufacturer = 'Bostonian',N,ALL MEN'S SHOES > Brands,,0,3
264,258,Clarks,,,,4/29/2015 8:45,,,,,,,,,,1,,,,Clarks,,N,,,,,ProductDescriptionShort = 'Mens' and ProductManufacturer = 'Clarks',N,ALL MEN'S SHOES > Brands,,0,3
265,258,Cole Haan,,,,5/9/2016 14:48,,,,,,,,,,1,,,Newest,Cole_Haan,,N,,,,,ProductDescriptionShort = 'Mens' and (ProductManufacturer = 'Cole Haan' or ProductManufacturer = 'Cole-Haan'),N,ALL MEN'S SHOES > Brands,,0,3
266,258,Conal,,,,7/7/2015 15:04,,,,,,,,,,1,,,,Conal,,N,,,,,ProductDescriptionShort = 'Mens' and ProductManufacturer = 'Conal',Y,ALL MEN'S SHOES > Brands,,0,3
267,258,Crocs,,,,5/9/2016 14:49,,,,,,,,,,1,,,Newest,Crocs,,N,,,,,ProductDescriptionShort = 'Mens' and ProductManufacturer = 'Crocs',N,ALL MEN'S SHOES > Brands,,0,3
268,258,Dan Post,,,,5/9/2016 14:53,,,,,,,,,,1,,,Newest,Dan_Post,,N,,,,,ProductDescriptionShort = 'Mens' and ProductManufacturer = 'Dan Post',N,ALL MEN'S SHOES > Brands,,0,3
269,258,Dr. Martens,,,,5/9/2016 14:54,,,,,,,,,,1,,,Newest,Dr_Martens,,N,,,,,ProductDescriptionShort = 'Mens' and ProductManufacturer = 'Dr. Martens',N,ALL MEN'S SHOES > Brands,,0,3
270,258,Dunham,,,,5/9/2016 14:54,,,,,,,,,,1,,,Newest,Dunham,,N,,,,,(ProductDescriptionShort = 'Mens' or ProductDescriptionShort = 'Men''s' ) and ProductManufacturer = 'Dunham',N,ALL MEN'S SHOES > Brands,,0,3
271,258,Ecco,,,,5/9/2016 14:55,,,,,,,,,,1,,,Newest,Ecco,,N,,,,,ProductDescriptionShort = 'Mens' and ProductManufacturer = 'Ecco',N,ALL MEN'S SHOES > Brands,,0,3
272,258,Florsheim,,,,5/9/2016 14:55,,,,,,,,,,1,,,Newest,Florsheim,,N,,,,,(ProductDescriptionShort = 'Mens' or ProductDescriptionShort = 'Men''s') and ProductManufacturer = 'Florsheim',N,ALL MEN'S SHOES > Brands,,0,3
273,258,Gravity Defyer,,,,5/9/2016 14:56,,,,,,,,,,1,,,Newest,Gravity_Defyer,,N,,,,,ProductDescriptionShort = 'Mens' and ProductManufacturer = 'Gravity Defyer',N,ALL MEN'S SHOES > Brands,,0,3
274,258,Hush Puppy,,,,7/7/2015 15:06,,,,,,,,,,1,,,,Hush_Puppy,,N,,,,,ProductDescriptionShort = 'Mens' and ProductManufacturer = 'Hush Puppy',Y,ALL MEN'S SHOES > Brands,,0,3
275,258,Intrigo,,,,6/14/2016 12:54,,,,,,,,,,1,,,Newest,Intrigo,,N,,,,,ProductDescriptionShort = 'Mens' and ProductManufacturer = 'Intrigo',Y,ALL MEN'S SHOES > Brands,,0,3
276,258,Johnston & Murphy,,,,5/9/2016 14:58,,,,,,,,,,1,,,Newest,Johnston_and_Murphy,,N,,,,,ProductDescriptionShort = 'Mens' and ProductManufacturer = 'Johnston & Murphy',N,ALL MEN'S SHOES > Brands,,0,3
277,258,Keen,,,,5/9/2016 14:59,,,,,,,,,,1,,,Newest,Keen,,N,,,,,ProductDescriptionShort = 'Mens' and ProductManufacturer = 'Keen',N,ALL MEN'S SHOES > Brands,,0,3
278,258,Laredo,,,,6/14/2016 12:55,,,,,,,,,,1,,,Newest,Laredo,,N,,,,,ProductDescriptionShort = 'Mens' and ProductManufacturer = 'Laredo',Y,ALL MEN'S SHOES > Brands,,0,3
279,258,Lems,,,,7/7/2015 15:06,,,,,,,,,,1,,,,Lems,,N,,,,,ProductDescriptionShort = 'Mens' and ProductManufacturer = 'Lems',Y,ALL MEN'S SHOES > Brands,,0,3
280,258,Merrell,,,,5/9/2016 15:00,,,,,,,,,,1,,,Newest,Merrell,,N,,,,,ProductDescriptionShort = 'Mens' and ProductManufacturer = 'Merrell',N,ALL MEN'S SHOES > Brands,,0,3
281,258,Minnetonka,,,,5/9/2016 15:00,,,,,,,,,,1,,,Newest,Minnetonka,,N,,,,,ProductDescriptionShort = 'Mens' and ProductManufacturer = 'Minnetonka',N,ALL MEN'S SHOES > Brands,,0,3
282,258,Pikolinos,,,,5/9/2016 15:02,,,,,,,,,,1,,,Newest,Pikolinos,,N,,,,,ProductDescriptionShort = 'Mens' and ProductManufacturer = 'Pikolinos',N,ALL MEN'S SHOES > Brands,,0,3
283,258,Rieker,,,,5/9/2016 15:07,,,,,,,,,,1,,,Newest,Rieker,,N,,,,,ProductDescriptionShort = 'Mens' and ProductManufacturer = 'Rieker',N,ALL MEN'S SHOES > Brands,,0,3
284,258,Rockport,,,,5/9/2016 15:08,,,,,,,,,,1,,,Newest,Rockport,,N,,,,,ProductDescriptionShort = 'Mens' and ProductManufacturer = 'Rockport',N,ALL MEN'S SHOES > Brands,,0,3
285,258,Sanuk,,,,5/9/2016 15:09,,,,,,,,,,1,,,Newest,Sanuk,,N,,,,,ProductDescriptionShort = 'Mens' and ProductManufacturer = 'Sanuk',N,ALL MEN'S SHOES > Brands,1430286863,0,3
286,258,Skechers,,,,5/9/2016 15:10,,,,,,,,,,1,,,Newest,Skechers,,N,,,,,ProductDescriptionShort = 'Mens' and ProductManufacturer = 'Skechers',N,ALL MEN'S SHOES > Brands,,0,3
287,258,Sperry Topsider,,,,5/9/2016 15:11,,,,,,,,,,1,,,Newest,Sperry_Topsider,,N,,,,,ProductDescriptionShort = 'Mens' and ProductManufacturer = 'Sperry Topsider',N,ALL MEN'S SHOES > Brands,,0,3
288,258,Stacy Adams,,,,5/9/2016 15:11,,,,,,,,,,1,,,Newest,Stacy_Adams,,N,,,,,ProductDescriptionShort = 'Mens' and ProductManufacturer = 'Stacy Adams',N,ALL MEN'S SHOES > Brands,,0,3
289,258,UGG,,,,6/29/2016 15:04,,,,,,,,,,1,,,Newest,Ugg,,N,,,,,ProductDescriptionShort = 'Mens' and ProductManufacturer = 'UGG',N,ALL MEN'S SHOES > Brands,,0,3
290,258,Wolverine,,,,5/9/2016 15:14,,,,,,,,,,1,,,Newest,Wolverine,,N,,,,,ProductDescriptionShort = 'Mens' and ProductManufacturer = 'Wolverine',N,ALL MEN'S SHOES > Brands,,0,3
291,258,Dingo,,,,5/9/2016 14:54,,,,,,,,,,1,,,Newest,Dingo,,N,,,,,ProductDescriptionShort = 'Mens' and ProductManufacturer = 'Dingo',N,ALL MEN'S SHOES > Brands,,0,3
292,259,Dingo,,,,6/14/2016 12:23,,,,,,,,,,7,,,Newest,Dingo,,N,,,,,ProductDescriptionShort = 'Womens' and ProductManufacturer = 'Dingo',Y,ALL WOMEN'S SHOES > Brands,,0,3
293,259,Aerosoles,,,,5/9/2016 13:15,,,,,,,,,,7,,,Newest,Aerosoles,,N,,,,,ProductDescriptionShort = 'Womens' and ProductManufacturer = 'Aerosoles',N,ALL WOMEN'S SHOES > Brands,,0,3
294,259,Alegria,,,,6/28/2016 15:48,,,,,,,,,,7,,,Newest,Alegria,,N,,,,,ProductDescriptionShort = 'Womens' and ProductManufacturer = 'Alegria',N,ALL WOMEN'S SHOES > Brands,,0,3
295,259,Aravon,,,,6/11/2015 14:12,,,,,,,,,,7,,,,Aravon,,N,,,,,ProductDescriptionShort = 'Womens' and ProductManufacturer = 'Aravon',Y,ALL WOMEN'S SHOES > Brands,,0,3
296,259,Bandolino,,,,6/11/2015 14:14,,,,,,,,,,7,,,,Bandolino,,N,,,,,ProductDescriptionShort = 'Womens' and ProductManufacturer = 'Bandolino',Y,ALL WOMEN'S SHOES > Brands,,0,3
297,259,BCBG,,,,6/14/2016 12:15,,,,,,,,,,7,,,Newest,BCBG,,N,,,,,(ProductDescriptionShort = 'Womens' or ProductDescriptionShort = 'Women''s') and ProductManufacturer = 'BCBG',Y,ALL WOMEN'S SHOES > Brands,,0,3
298,259,Bernie Mev,,,,5/9/2016 13:17,,,,,,,,,,7,,,Newest,Bernie_Mev,,N,,,,,ProductDescriptionShort = 'Womens' and ProductManufacturer = 'Bernie Mev',N,ALL WOMEN'S SHOES > Brands,,0,3
299,259,Birkenstock,,,,5/9/2016 13:17,,,,,,,,,,7,,,Newest,Birkenstock,,N,,,,,ProductDescriptionShort = 'Womens' and ProductManufacturer = 'Birkenstock',N,ALL WOMEN'S SHOES > Brands,,0,3
300,259,Blossom,,,,5/9/2016 13:18,,,,,,,,,,7,,,Newest,Blossom,,N,,,,,ProductDescriptionShort = 'Womens' and ProductManufacturer = 'Blossom',N,ALL WOMEN'S SHOES > Brands,,0,3
301,259,Bogs,,,,5/9/2016 13:18,,,,,,,,,,7,,,Newest,Bogs,,N,,,,,ProductDescriptionShort = 'Womens' and ProductManufacturer = 'Bogs',N,ALL WOMEN'S SHOES > Brands,,0,3
302,259,Bussola,,,,5/9/2016 13:23,,,,,,,,,,7,,,Newest,Bussola,,N,,,,,ProductDescriptionShort = 'Womens' and ProductManufacturer = 'Bussola',N,ALL WOMEN'S SHOES > Brands,,0,3
303,259,Clarks,,,,5/9/2016 13:24,,,,,,,,,,7,,,Newest,Clarks,,N,,,,,ProductDescriptionShort = 'Womens' and ProductManufacturer = 'Clarks',N,ALL WOMEN'S SHOES > Brands,,0,3
304,259,Cobb Hill,,,,6/28/2016 15:57,,,,,,,,,,7,,,Newest,Cobb_Hill,,N,,,,,ProductDescriptionShort = 'Womens' and ProductManufacturer = 'Cobb Hill',N,ALL WOMEN'S SHOES > Brands,,0,3
306,259,Coloriffics,,,,5/9/2016 13:25,,,,,,,,,,7,,,Newest,Coloriffics,,N,,,,,ProductDescriptionShort = 'Womens' and ProductManufacturer = 'Coloriffics',N,ALL WOMEN'S SHOES > Brands,,0,3
307,259,Crocs,,,,6/14/2016 12:22,,,,,,,,,,7,,,Newest,Crocs,,N,,,,,ProductDescriptionShort = 'Womens' and ProductManufacturer = 'Crocs',Y,ALL WOMEN'S SHOES > Brands,,0,3
308,259,Dan Post,,,,5/9/2016 13:27,,,,,,,,,,7,,,Newest,Dan_Post,,N,,,,,ProductDescriptionShort = 'Womens' and ProductManufacturer = 'Dan Post',N,ALL WOMEN'S SHOES > Brands,,0,3
309,259,Dansko,,,,6/28/2016 15:59,,,,,,,,,,7,,,Newest,Dansko,,N,,,,,ProductDescriptionShort = 'Womens' and ProductManufacturer = 'Dansko',N,ALL WOMEN'S SHOES > Brands,,0,3
310,259,Dyeables,,,,5/9/2016 13:29,,,,,,,,,,7,,,Newest,Dyeables,,N,,,,,ProductDescriptionShort = 'Womens' and ProductManufacturer = 'Dyeables',N,ALL WOMEN'S SHOES > Brands,,0,3
311,259,Earth,,,,6/28/2016 16:02,,,,,,,,,,7,,,Newest,Earth,,N,,,,,ProductDescriptionShort = 'Womens' and ProductManufacturer = 'Earth',N,ALL WOMEN'S SHOES > Brands,,0,3
312,259,Easy Spirit,,,,6/29/2016 11:53,,,,,,,,,,7,,,Newest,Easy_Spirit,,N,,,,,ProductDescriptionShort = 'Womens' and ProductManufacturer = 'Easy Spirit',N,ALL WOMEN'S SHOES > Brands,,0,3
313,259,Ecco,,,,5/9/2016 13:31,,,,,,,,,,7,,,Newest,Ecco,,N,,,,,ProductDescriptionShort = 'Womens' and ProductManufacturer = 'Ecco',N,ALL WOMEN'S SHOES > Brands,,0,3
314,259,Fit Flop,,,,5/9/2016 13:32,,,,,,,,,,7,,,Newest,Fit_Flop,,N,,,,,ProductDescriptionShort = 'Womens' and ProductManufacturer = 'Fit Flop',N,ALL WOMEN'S SHOES > Brands,,0,3
315,259,Fly Flot,,,,6/17/2015 10:23,,,,,,,,,,7,,,,Fly_Flot,,N,,,,,ProductDescriptionShort = 'Womens' and ProductManufacturer = 'Fly Flot',Y,ALL WOMEN'S SHOES > Brands,,0,3
316,259,Fly London,,,,6/14/2016 12:26,,,,,,,,,,7,,,Newest,Fly_London,,N,,,,,ProductDescriptionShort = 'Womens' and ProductManufacturer = 'Fly London',Y,ALL WOMEN'S SHOES > Brands,,0,3
317,259,Grasshoppers,,,,5/9/2016 13:34,,,,,,,,,,7,,,Newest,Grasshoppers,,N,,,,,ProductDescriptionShort = 'Womens' and ProductManufacturer = 'Grasshoppers',N,ALL WOMEN'S SHOES > Brands,,0,3
318,259,Gravity Defyer,,,,5/9/2016 13:34,,,,,,,,,,7,,,Newest,Gravity_Defyer,,N,,,,,ProductDescriptionShort = 'Womens' and ProductManufacturer = 'Gravity Defyer',N,ALL WOMEN'S SHOES > Brands,,0,3
319,259,Guess,,,,5/9/2016 13:35,,,,,,,,,,7,,,Newest,Guess,,N,,,,,ProductDescriptionShort = 'Womens' and ProductManufacturer = 'Guess',N,ALL WOMEN'S SHOES > Brands,,0,3
320,259,Haflinger,,,,6/17/2015 15:01,,,,,,,,,,7,,,,Haflinger,,N,,,,,ProductDescriptionShort = 'Womens' and ProductManufacturer = 'Haflinger',Y,ALL WOMEN'S SHOES > Brands,,0,3
321,259,Harley Davidson,,,,5/9/2016 13:35,,,,,,,,,,7,,,Newest,Harley_Davidson,,N,,,,,ProductDescriptionShort = 'Womens' and ProductManufacturer = 'Harley Davidson',N,ALL WOMEN'S SHOES > Brands,,0,3
322,259,Helen's Heart,,,,6/17/2015 15:13,,,,,,,,,,7,,,,Helens_Heart,,N,,,,,ProductDescriptionShort = 'Womens' and ProductManufacturer = 'Helen''s Heart',Y,ALL WOMEN'S SHOES > Brands,,0,3
323,259,Hunter Boots,,,,5/9/2016 13:36,,,,,,,,,,7,,,Newest,Hunter_Boots,,N,,,,,ProductDescriptionShort = 'Womens' and ProductManufacturer = 'Hunter Boots',N,ALL WOMEN'S SHOES > Brands,,0,3
324,259,Hush Puppy,,,,6/17/2015 15:32,,,,,,,,,,7,,,,Hush_Puppy,,N,,,,,ProductDescriptionShort = 'Womens' and ProductManufacturer = 'Hush Puppy',Y,ALL WOMEN'S SHOES > Brands,,0,3
325,259,Jessica Simpson,,,,6/14/2016 12:27,,,,,,,,,,7,,,Newest,Jessica_Simpson,,N,,,,,ProductDescriptionShort = 'Womens' and ProductManufacturer = 'Jessica Simpson',Y,ALL WOMEN'S SHOES > Brands,,0,3
326,259,John Fashion,,,,6/19/2015 11:13,,,,,,,,,,7,,,,John_Fashion,,N,,,,,ProductDescriptionShort = 'Womens' and ProductManufacturer = 'John Fashion',Y,ALL WOMEN'S SHOES > Brands,,0,3
327,259,Keds,,,,5/9/2016 13:39,,,,,,,,,,7,,,Newest,Keds,,N,,,,,ProductDescriptionShort = 'Womens' and ProductManufacturer = 'Keds',N,ALL WOMEN'S SHOES > Brands,,0,3
328,259,Keen,,,,5/9/2016 13:39,,,,,,,,,,7,,,Newest,Keen,,N,,,,,ProductDescriptionShort = 'Womens' and ProductManufacturer = 'Keen',N,ALL WOMEN'S SHOES > Brands,,0,3
329,259,Kensie Girl,,,,6/14/2016 12:28,,,,,,,,,,7,,,Newest,Kensie_Girl,,N,,,,,ProductDescriptionShort = 'Womens' and ProductManufacturer = 'Kensie Girl',Y,ALL WOMEN'S SHOES > Brands,,0,3
330,259,La Plume,,,,5/9/2016 13:40,,,,,,,,,,7,,,Newest,La_Plume,,N,,,,,ProductDescriptionShort = 'Womens' and ProductManufacturer = 'La Plume',N,ALL WOMEN'S SHOES > Brands,,0,3
331,259,Lady Couture,,,,5/9/2016 13:41,,,,,,,,,,7,,,Newest,Lady_Couture,,N,,,,,ProductDescriptionShort = 'Womens' and ProductManufacturer = 'Lady Couture',N,ALL WOMEN'S SHOES > Brands,,0,3
332,259,Laredo,,,,5/9/2016 13:41,,,,,,,,,,7,,,Newest,Laredo,,N,,,,,ProductDescriptionShort = 'Womens' and ProductManufacturer = 'Laredo',N,ALL WOMEN'S SHOES > Brands,,0,3
333,259,Lems,,,,6/22/2015 13:05,,,,,,,,,,7,,,,Lems,,N,,,,,ProductDescriptionShort = 'Womens' and ProductManufacturer = 'Lems',Y,ALL WOMEN'S SHOES > Brands,,0,3
334,259,Life Stride,,,,6/22/2015 13:05,,,,,,,,,,7,,,,Life_Stride,,N,,,,,ProductDescriptionShort = 'Womens' and ProductManufacturer = 'Life Stride',Y,ALL WOMEN'S SHOES > Brands,,0,3
335,259,Lola Sabbia,,,,6/22/2015 13:05,,,,,,,,,,7,,,,Lola_Sabbia,,N,,,,,ProductDescriptionShort = 'Womens' and ProductManufacturer = 'Lola Sabbia',Y,ALL WOMEN'S SHOES > Brands,,0,3
336,259,Lucky Brand,,,,5/9/2016 13:42,,,,,,,,,,7,,,Newest,Lucky_Brand,,N,,,,,ProductDescriptionShort = 'Womens' and ProductManufacturer = 'Lucky Brand',N,ALL WOMEN'S SHOES > Brands,,0,3
337,259,Madden Girl,,,,5/9/2016 13:43,,,,,,,,,,7,,,Newest,Madden_Girl,,N,,,,,ProductDescriptionShort = 'Womens' and ProductManufacturer = 'Madden Girl',N,ALL WOMEN'S SHOES > Brands,,0,3
338,259,Minnetonka,,,,5/9/2016 13:44,,,,,,,,,,7,,,Newest,Minnetonka,,N,,,,,ProductDescriptionShort = 'Womens' and ProductManufacturer = 'Minnetonka',N,ALL WOMEN'S SHOES > Brands,,0,3
339,259,Naot,,,,5/9/2016 13:45,,,,,,,,,,7,,,Newest,Naot,,N,,,,,ProductDescriptionShort = 'Womens' and ProductManufacturer = 'Naot',N,ALL WOMEN'S SHOES > Brands,,0,3
340,259,Naturalizer,,,,5/9/2016 13:45,,,,,,,,,,7,,,Newest,Naturalizer,,N,,,,,ProductDescriptionShort = 'Womens' and ProductManufacturer = 'Naturalizer',N,ALL WOMEN'S SHOES > Brands,,0,3
341,259,Nine West,,,,5/9/2016 13:46,,,,,,,,,,7,,,Newest,Nine_West,,N,,,,,ProductDescriptionShort = 'Womens' and ProductManufacturer = 'Nine West',N,ALL WOMEN'S SHOES > Brands,,0,3
342,259,Pikolinos,,,,5/9/2016 13:47,,,,,,,,,,7,,,Newest,Pikolinos,,N,,,,,ProductDescriptionShort = 'Womens' and ProductManufacturer = 'Pikolinos',N,ALL WOMEN'S SHOES > Brands,,0,3
343,259,Pink & Pepper,,,,5/9/2016 13:47,,,,,,,,,,7,,,Newest,Pink_and_Pepper,,N,,,,,ProductDescriptionShort = 'Womens' and ProductManufacturer = 'Pink & Pepper',N,ALL WOMEN'S SHOES > Brands,,0,3
344,259,Poetic Licence,,,,5/9/2016 13:48,,,,,,,,,,7,,,Newest,Poetic_Licence,,N,,,,,ProductDescriptionShort = 'Womens' and ProductManufacturer = 'Poetic Licence',N,ALL WOMEN'S SHOES > Brands,,0,3
345,259,Remonte,,,,5/9/2016 13:50,,,,,,,,,,7,,,Newest,Remonte,,N,,,,,(ProductDescriptionShort = 'Womens' or ProductDescriptionShort = 'Women''s' ) and ProductManufacturer = 'Remonte',N,ALL WOMEN'S SHOES > Brands,,0,3
346,259,Rieker,,,,5/9/2016 13:50,,,,,,,,,,7,,,Newest,Rieker,,N,,,,,ProductDescriptionShort = 'Womens' and ProductManufacturer = 'Rieker',N,ALL WOMEN'S SHOES > Brands,,0,3
347,259,Rose Petals,,,,6/14/2016 12:33,,,,,,,,,,7,,,Newest,Rose_Petals,,N,,,,,ProductDescriptionShort = 'Womens' and ProductManufacturer = 'Rose Petals',Y,ALL WOMEN'S SHOES > Brands,,0,3
348,259,Salomon,,,,6/30/2015 9:40,,,,,,,,,,7,,,,Salomon,,N,,,,,ProductDescriptionShort = 'Womens' and ProductManufacturer = 'Salomon',Y,ALL WOMEN'S SHOES > Brands,,0,3
349,259,Sesto Meucci,,,,5/9/2016 13:55,,,,,,,,,,7,,,Newest,Sesto_Meucci,,N,,,,,ProductDescriptionShort = 'Womens' and ProductManufacturer = 'Sesto Meucci',N,ALL WOMEN'S SHOES > Brands,,0,3
350,259,Skechers,,,,5/9/2016 13:55,,,,,,,,,,7,,,Newest,Skechers,,N,,,,,ProductDescriptionShort = 'Womens' and ProductManufacturer = 'Skechers',N,ALL WOMEN'S SHOES > Brands,,0,3
351,259,Soft Walks,,,,5/9/2016 13:56,,,,,,,,,,7,,,Newest,Soft_Walks,,N,,,,,ProductDescriptionShort = 'Womens' and ProductManufacturer = 'Soft Walks',N,ALL WOMEN'S SHOES > Brands,,0,3
352,259,Steve Madden,,,,5/9/2016 13:58,,,,,,,,,,7,,,Newest,Steve_Madden,,N,,,,,ProductDescriptionShort = 'Womens' and ProductManufacturer = 'Steve Madden',N,ALL WOMEN'S SHOES > Brands,,0,3
353,259,Taos,,,,5/9/2016 13:59,,,,,,,,,,7,,,Newest,Taos,,N,,,,,ProductDescriptionShort = 'Womens' and ProductManufacturer = 'Taos',N,ALL WOMEN'S SHOES > Brands,,0,3
354,259,Frye,,,,5/9/2016 13:33,,,,,,,,,,7,,,Newest,Frye,,N,,,,,ProductDescriptionShort = 'Womens' and ProductManufacturer = 'Frye',N,ALL WOMEN'S SHOES > Brands,,0,3
355,259,Timberland,,,,5/9/2016 13:59,,,,,,,,,,7,,,Newest,Timberland,,N,,,,,ProductDescriptionShort = 'Womens' and ProductManufacturer = 'Timberland',N,ALL WOMEN'S SHOES > Brands,,0,3
356,259,Touch Ups,,,,7/2/2015 15:57,,,,,,,,,,7,,,,Touch_Ups,,N,,,,,ProductDescriptionShort = 'Womens' and ProductManufacturer = 'Touch Ups',Y,ALL WOMEN'S SHOES > Brands,,0,3
357,259,Trotters,,,,5/9/2016 14:00,,,,,,,,,,7,,,Newest,Trotters,,N,,,,,ProductDescriptionShort = 'Womens' and ProductManufacturer = 'Trotters',N,ALL WOMEN'S SHOES > Brands,,0,3
358,259,UGG,,,,6/29/2016 15:05,,,,,,,,,,7,,,Newest,Ugg,,N,,,,,ProductDescriptionShort = 'Womens' and ProductManufacturer = 'UGG',N,ALL WOMEN'S SHOES > Brands,,0,3
359,259,Van Eli,,,,5/9/2016 14:03,,,,,,,,,,7,,,Newest,Van_Eli,,N,,,,,ProductDescriptionShort = 'Womens' and ProductManufacturer = 'Van Eli',N,ALL WOMEN'S SHOES > Brands,,0,3
360,259,Vionic,,,,5/9/2016 14:05,,,,,,,,,,7,,,Newest,Vionic,,N,,,,,ProductDescriptionShort = 'Womens' and ProductManufacturer = 'Vionic',N,ALL WOMEN'S SHOES > Brands,,0,3
361,259,Waldlaufer,,,,7/6/2015 14:13,,,,,,,,,,7,,,,Waldlaufer,,N,,,,,ProductDescriptionShort = 'Womens' and ProductManufacturer = 'Waldlaufer',Y,ALL WOMEN'S SHOES > Brands,,0,3
362,259,Worishofer,,,,5/9/2016 14:05,,,,,,,,,,7,,,Newest,Worishofer,,N,,,,,ProductDescriptionShort = 'Womens' and ProductManufacturer = 'Worishofer',N,ALL WOMEN'S SHOES > Brands,,0,3
363,259,Dr. Martens,,,,5/9/2016 13:29,,,,,,,,,,7,,,Newest,Dr_Martens,,N,,,,,ProductDescriptionShort = 'Womens' and ProductManufacturer = 'Dr. Martens',N,ALL WOMEN'S SHOES > Brands,,0,3
364,259,Toe Warmers,,,,5/9/2016 14:00,,,,,,,,,,7,,,Newest,Toe_Warmers,,N,,,,,ProductDescriptionShort = 'Womens' and ProductManufacturer = 'Toe Warmers',N,ALL WOMEN'S SHOES > Brands,,0,3
365,259,Sperry Topsider,,,,5/9/2016 13:58,,,,,,,,,,7,,,Newest,Sperry_Topsider,,N,,,,,ProductDescriptionShort = 'Womens' and ProductManufacturer = 'Sperry Topsider',N,ALL WOMEN'S SHOES > Brands,,0,3
366,259,Adidas,,,,9/22/2016 13:54,,,,,,,,,,7,,,Newest,Adidas,,N,,,,,ProductDescriptionShort = 'Womens' and ProductManufacturer = 'Adidas',N,ALL WOMEN'S SHOES > Brands,,0,3
367,259,Asics,,,,5/9/2016 13:16,,,,,,,,,,7,,,Newest,Asics,,N,,,,,ProductDescriptionShort = 'Womens' and ProductManufacturer = 'Asics',N,ALL WOMEN'S SHOES > Brands,,0,3
368,259,Brooks,,,,5/9/2016 13:22,,,,,,,,,,7,,,Newest,Brooks,,N,,,,,ProductDescriptionShort = 'Womens' and ProductManufacturer = 'Brooks',N,ALL WOMEN'S SHOES > Brands,,0,3
370,259,DC Shoes,,,,6/14/2016 12:23,,,,,,,,,,7,,,Newest,DC_Shoes,,N,,,,,ProductDescriptionShort = 'Womens' and ProductManufacturer = 'DC Shoes',Y,ALL WOMEN'S SHOES > Brands,,0,3
371,259,Etnies,,,,5/9/2016 13:32,,,,,,,,,,7,,,Newest,Etnies,,N,,,,,ProductDescriptionShort = 'Womens' and ProductManufacturer = 'Etnies',N,ALL WOMEN'S SHOES > Brands,,0,3
372,259,K Swiss,,,,5/9/2016 13:38,,,,,,,,,,7,,,Newest,K_Swiss,,N,,,,,ProductDescriptionShort = 'Womens' and ProductManufacturer = 'K Swiss',N,ALL WOMEN'S SHOES > Brands,,0,3
373,259,New Balance,,,,5/9/2016 13:45,,,,,,,,,,7,,,Newest,New_Balance,,N,,,,,ProductDescriptionShort = 'Womens' and ProductManufacturer = 'New Balance',N,ALL WOMEN'S SHOES > Brands,,0,3
374,259,Osiris,,,,6/25/2015 10:46,,,,,,,,,,7,,,,Osiris,,N,,,,,ProductDescriptionShort = 'Womens' and ProductManufacturer = 'Osiris',Y,ALL WOMEN'S SHOES > Brands,,0,3
375,259,Puma,,,,5/9/2016 13:49,,,,,,,,,,7,,,Newest,Puma,,N,,,,,ProductDescriptionShort = 'Womens' and ProductManufacturer = 'Puma',N,ALL WOMEN'S SHOES > Brands,,0,3
376,259,Reebok,,,,5/9/2016 13:50,,,,,,,,,,7,,,Newest,Reebok,,N,,,,,ProductDescriptionShort = 'Womens' and ProductManufacturer = 'Reebok',N,ALL WOMEN'S SHOES > Brands,,0,3
377,259,Saucony,,,,5/9/2016 13:54,,,,,,,,,,7,,,Newest,Saucony,,N,,,,,ProductDescriptionShort = 'Womens' and ProductManufacturer = 'Saucony',N,ALL WOMEN'S SHOES > Brands,,0,3
378,259,Spira,,,,7/2/2015 14:52,,,,,,,,,,7,,,,Spira,,N,,,,,ProductDescriptionShort = 'Womens' and ProductManufacturer = 'Spira',Y,ALL WOMEN'S SHOES > Brands,,0,3
379,259,Vans,,,,5/9/2016 14:04,,,,,,,,,,7,,,Newest,Vans,,N,,,,,ProductDescriptionShort = 'Womens' and ProductManufacturer = 'Vans',N,ALL WOMEN'S SHOES > Brands,,0,3
380,259,Ryka,,,,5/9/2016 13:53,,,,,,,,,,7,,,Newest,Ryka,,N,,,,,ProductDescriptionShort = 'Womens' and ProductManufacturer = 'Ryka',N,ALL WOMEN'S SHOES > Brands,,0,3
381,258,Adidas,,,,5/9/2016 14:39,,,,,,,,,,1,,,Newest,Adidas,,N,,,,,ProductDescriptionShort = 'Mens' and ProductManufacturer = 'Adidas',N,ALL MEN'S SHOES > Brands,,0,3
382,258,Asics,,,,5/9/2016 14:39,,,,,,,,,,1,,,Newest,Asics,,N,,,,,ProductDescriptionShort = 'Mens' and ProductManufacturer = 'Asics',N,ALL MEN'S SHOES > Brands,,0,3
383,258,Brooks,,,,5/9/2016 14:46,,,,,,,,,,1,,,Newest,Brooks,,N,,,,,ProductDescriptionShort = 'Mens' and ProductManufacturer = 'Brooks',N,ALL MEN'S SHOES > Brands,,0,3
384,258,Converse,,,,7/7/2015 15:04,,,,,,,,,,1,,,,Converse,,N,,,,,ProductDescriptionShort = 'Mens' and ProductManufacturer = 'Converse',Y,ALL MEN'S SHOES > Brands,,0,3
385,258,DC Shoes,,,,7/7/2015 15:05,,,,,,,,,,1,,,,DC_Shoes,,N,,,,,ProductDescriptionShort = 'Mens' and ProductManufacturer = 'DC Shoes',Y,ALL MEN'S SHOES > Brands,,0,3
386,258,Etnies,,,,5/9/2016 14:55,,,,,,,,,,1,,,Newest,Etnies,,N,,,,,ProductDescriptionShort = 'Mens' and ProductManufacturer = 'Etnies',N,ALL MEN'S SHOES > Brands,,0,3
387,258,K Swiss,,,,5/9/2016 14:58,,,,,,,,,,1,,,Newest,K_Swiss,,N,,,,,ProductDescriptionShort = 'Mens' and ProductManufacturer = 'K Swiss',N,ALL MEN'S SHOES > Brands,,0,3
388,258,New Balance,,,,5/9/2016 15:01,,,,,,,,,,1,,,Newest,New_Balance,,N,,,,,ProductDescriptionShort = 'Mens' and ProductManufacturer = 'New Balance',N,ALL MEN'S SHOES > Brands,,0,3
389,258,Osiris,,,,7/7/2015 15:07,,,,,,,,,,1,,,,Osiris,,N,,,,,ProductDescriptionShort = 'Mens' and ProductManufacturer = 'Osiris',Y,ALL MEN'S SHOES > Brands,,0,3
390,258,Puma,,,,5/9/2016 15:03,,,,,,,,,,1,,,Newest,Puma,,N,,,,,ProductDescriptionShort = 'Mens' and ProductManufacturer = 'Puma',N,ALL MEN'S SHOES > Brands,,0,3
391,258,Reebok,,,,5/9/2016 15:03,,,,,,,,,,1,,,Newest,Reebok,,N,,,,,ProductDescriptionShort = 'Mens' and ProductManufacturer = 'Reebok',N,ALL MEN'S SHOES > Brands,,0,3
392,258,Salomon,,,,6/30/2015 9:58,,,,,,,,,,1,,,,Salomon,,N,,,,,ProductDescriptionShort = 'Mens' and ProductManufacturer = 'Salomon',Y,ALL MEN'S SHOES > Brands,,0,3
393,258,Saucony,,,,5/9/2016 15:09,,,,,,,,,,1,,,Newest,Saucony,,N,,,,,ProductDescriptionShort = 'Mens' and ProductManufacturer = 'Saucony',N,ALL MEN'S SHOES > Brands,,0,3
394,258,Spira,,,,7/7/2015 15:08,,,,,,,,,,1,,,,Spira,,N,,,,,ProductDescriptionShort = 'Mens' and ProductManufacturer = 'Spira',Y,ALL MEN'S SHOES > Brands,,0,3
395,258,Vans,,,,5/9/2016 15:14,,,,,,,,,,1,,,Newest,Vans,,N,,,,,ProductDescriptionShort = 'Mens' and ProductManufacturer = 'Vans',N,ALL MEN'S SHOES > Brands,,0,3
396,1,Sale Items,4,,,5/9/2016 14:20,,,,,,,,,,1,,,Newest,Mens_Sale_Items,,N,,,,,ProductDescriptionShort = 'Mens' and CustomField1 = 'SALE',N,ALL MEN'S SHOES,,0,3
397,7,Sale Items,11,,,5/9/2016 13:14,,,,,,,,,,7,,,Newest,Womens_Sale_Items,,N,,,,,ProductDescriptionShort = 'Womens' and CustomField1 = 'SALE',N,ALL WOMEN'S SHOES,,0,3
398,258,Vionic,,,,6/14/2016 12:59,,,,,,,,,,1,,,Newest,Vionic,,N,,,,,ProductDescriptionShort = 'Mens' and ProductManufacturer = 'Vionic',Y,ALL MEN'S SHOES > Brands,,0,3
404,259,Merrell,,,,5/9/2016 13:43,,,,,,,,,,7,,,Newest,Merrell,,N,,,,,ProductDescriptionShort = 'Womens' and ProductManufacturer = 'Merrell',N,ALL WOMEN'S SHOES > Brands,,0,3
405,0,Clarks Sale,,,,9/18/2014 9:35,,,,,,,,,,405,,,,,,N,,,,,ProductManufacturer = 'Clarks',N,,,0,3
406,259,Columbia,,,,6/15/2015 10:40,,,,,,,,,,7,,,,Columbia,,N,,,,,ProductDescriptionShort = 'Womens' and ProductManufacturer = 'Columbia',Y,ALL WOMEN'S SHOES > Brands,,0,3
408,259,Cushe,,,,6/15/2015 11:02,,,,,,,,,,7,,,,Cushe,,N,,,,,(ProductDescriptionShort = 'Womens' or ProductDescriptionShort = 'Women''s')  and ProductManufacturer = 'Cushe',Y,ALL WOMEN'S SHOES > Brands,,0,3
409,259,Sorel,,,,5/9/2016 13:57,,,,,,,,,,7,,,Newest,Sorel,,N,,,,,(ProductDescriptionShort = 'Womens' or ProductDescriptionShort = 'Women''s')  and ProductManufacturer = 'Sorel',N,ALL WOMEN'S SHOES > Brands,,0,3
410,258,Columbia,,,,7/7/2015 15:04,,,,,,,,,,1,,,,Columbia,,N,,,,,(ProductDescriptionShort = 'Mens' or ProductDescriptionShort = 'Men''s')  and ProductManufacturer = 'Columbia',Y,ALL MEN'S SHOES > Brands,,0,3
411,258,Cushe,,,,5/9/2016 14:50,,,,,,,,,,1,,,Newest,Cushe,,N,,,,,(ProductDescriptionShort = 'Mens' or ProductDescriptionShort = 'Men''s')  and ProductManufacturer = 'Cushe',N,ALL MEN'S SHOES > Brands,,0,3
412,259,Milano,,,,5/9/2016 13:44,,,,,,,,,,7,,,Newest,Milano,,N,,,,,(ProductDescriptionShort = 'Womens' or ProductDescriptionShort = 'Women''s')and ProductManufacturer = 'Milano',N,ALL WOMEN'S SHOES > Brands,,,3
413,0,Boot Sale,,,,10/16/2014 9:38,,,,,,,,,,413,,,,,,N,,,,,"ProductID IN (SELECT Products.ProductID FROM Products,Categories_Products_Link,Products_Extended WHERE Products.ProductID=Categories_Products_Link.ProductID AND Products.ProductID=Products_Extended.ProductID AND Categories_Products_Link.CategoryID=2 AND Products_Extended.ProductManufacturer <> 'Ugg' AND Products_Extended.ListPrice like '%.95') OR ProductID IN (SELECT Products.ProductID FROM Products,Categories_Products_Link,Products_Extended WHERE Products.ProductID=Categories_Products_Link.ProductID AND Products.ProductID=Products_Extended.ProductID AND Categories_Products_Link.CategoryID=13 AND Products_Extended.ProductManufacturer <> 'Ugg' AND Products_Extended.ListPrice like '%.95') OR ProductID IN (SELECT Products.ProductID FROM Products,Categories_Products_Link,Products_Extended WHERE Products.ProductID=Categories_Products_Link.ProductID AND Products.ProductID=Products_Extended.ProductID AND Categories_Products_Link.CategoryID=13 AND Products_Extended.ProductManufacturer <> 'Ugg' AND Products_Extended.ListPrice is null AND Products_Extended.ProductPrice like '%.95') OR ProductID IN (SELECT Products.ProductID FROM Products,Categories_Products_Link,Products_Extended WHERE Products.ProductID=Categories_Products_Link.ProductID AND Products.ProductID=Products_Extended.ProductID AND Categories_Products_Link.CategoryID=2 AND Products_Extended.ProductManufacturer <> 'Ugg' AND Products_Extended.ListPrice is null AND Products_Extended.ProductPrice like '%.95')",N,,,,3
414,258,Timberland,,,,5/9/2016 15:12,,,,,,,,,,1,,,Newest,Timberland,,N,,,,,ProductDescriptionShort = 'Mens' and ProductManufacturer = 'Timberland',N,ALL MEN'S SHOES > Brands,,,3
415,258,Carolina,,,,5/9/2016 14:47,,,,,,,,,,1,,,Newest,Carolina,,N,,,,,ProductDescriptionShort = 'Mens' and ProductManufacturer = 'Carolina',N,ALL MEN'S SHOES > Brands,,,3
416,258,Crevo,,,,6/14/2016 12:51,,,,,,,,,,1,,,Newest,Crevo,,N,,,,,ProductDescriptionShort = 'Mens' and ProductManufacturer = 'Crevo',Y,ALL MEN'S SHOES > Brands,,,3
417,259,Isola,,,,5/9/2016 13:36,,,,,,,,,,7,,,Newest,Isola,,N,,,,,ProductDescriptionShort = 'Womens' and ProductManufacturer = 'Isola',N,ALL WOMEN'S SHOES > Brands,,,3
418,0,AllButUgg,,,,12/17/2015 9:03,,,,,,,Y,,,418,,,,,,N,,,,,,N,,,,3
431,73,Apparel,2,,,9/13/2016 13:23,,,,,,,,,,73,,,Newest,,,N,,,,,,N,ACCESSORIES,,,3
432,431,Gloves and Hats,,,,5/9/2016 14:24,,,,,,,,,,73,,,Newest,,,N,,,,,,N,ACCESSORIES > Apparel,,,3
433,431,Scarves,,,,5/9/2016 14:24,,,,,,,,,,73,,,Newest,,,N,,,,,,N,ACCESSORIES > Apparel,,,3
434,431,Shirts,,,,5/19/2016 14:47,,,,,,,,,,73,,,Newest,,,N,,,,,,Y,ACCESSORIES > Apparel,,,3
435,73,Backpacks,,,,5/19/2016 14:51,,,,,,,,,,73,,,Newest,,,N,,,,,,Y,ACCESSORIES,,,3
436,73,Gifts,3,,,5/9/2016 14:25,,,,,,,,,,73,,,Newest,,,N,,,,,,N,ACCESSORIES,,,3
437,73,Handbags,3,,,10/5/2016 14:07,,,,,,,,,,73,,,Newest,,,N,,,,,,N,ACCESSORIES,1464073795,,4
438,437,Daytime Handbags,0,,,5/24/2016 13:34,,,,,,,,,,73,,,Newest,,,N,,,,,,N,ACCESSORIES > Handbags,,,3
439,437,Wallets,2,,,12/8/2014 10:18,,,,,,,,,,73,,,,,,N,,,,,,N,ACCESSORIES > Handbags,,,3
440,437,Wristlets,2,,,5/9/2016 14:31,,,,,,,,,,73,,,Newest,,,N,,,,,,N,ACCESSORIES > Handbags,,,3
441,73,Insoles,3,,,5/9/2016 14:31,,,,,,,,,,73,,,Newest,,,N,,,,,,N,ACCESSORIES,,,3
442,73,Jewelry,3,,,9/13/2016 13:24,,,,,,,,,,73,,,Newest,,,N,,,,,,N,ACCESSORIES,,,3
444,442,Bracelets,,,,7/5/2016 10:34,,,,,,,,,,73,,,Newest,,,N,,,,,,Y,ACCESSORIES > Jewelry,,,3
445,442,Earrings,,,,5/9/2016 14:33,,,,,,,,,,73,,,Newest,,,N,,,,,,N,ACCESSORIES > Jewelry,,,3
446,442,Necklaces,,,,5/9/2016 14:33,,,,,,,,,,73,,,Newest,,,N,,,,,,N,ACCESSORIES > Jewelry,,,3
447,442,Sunglasses,,,,7/5/2016 10:34,,,,,,,,,,73,,,Newest,,,N,,,,,,Y,ACCESSORIES > Jewelry,,,3
448,442,Watches,,,,7/5/2016 10:32,,,,,,,,,,73,,,Newest,,,N,,,,,,Y,ACCESSORIES > Jewelry,,,3
449,73,Ladies Socks,3,,,5/9/2016 14:36,,,,,,,,,,73,,,Newest,,,N,,,,,,N,ACCESSORIES,,,3
450,73,Mens Socks,3,,,5/9/2016 14:36,,,,,,,,,,73,,,Newest,,,N,,,,,,N,ACCESSORIES,,,3
451,259,Spring Step,,,,5/9/2016 13:58,,,,,,,,,,7,,,Newest,Spring_Step,,N,,,,,ProductDescriptionShort = 'Womens' and ProductManufacturer = 'Spring Step',N,ALL WOMEN'S SHOES > Brands,,,3
452,258,Tommy Bahama,,,,5/9/2016 15:12,,,,,,,,,,1,,,Newest,Tommy_Bahama,,N,,,,,ProductDescriptionShort = 'Mens' and ProductManufacturer = 'Tommy Bahama',N,ALL MEN'S SHOES > Brands,,,3
453,259,J.Renee,,,,5/9/2016 13:36,,,,,,,,,,7,,,Newest,JRenee,,N,,,,,ProductDescriptionShort = 'Womens' and ProductManufacturer = 'J.Renee',N,ALL WOMEN'S SHOES > Brands,,,3
454,259,Sam Edelman,,,,5/9/2016 13:53,,,,,,,,,,7,,,Newest,Sam_Edelman,,N,,,,,ProductDescriptionShort = 'Womens' and ProductManufacturer = 'Sam Edelman',N,ALL WOMEN'S SHOES > Brands,,,3
455,259,Arcopedico,,,,5/9/2016 13:16,,,,,,,,,,7,,,Newest,Arcopedico,,N,,,,,ProductDescriptionShort = 'Womens' and ProductManufacturer = 'Arcopedico',N,ALL WOMEN'S SHOES > Brands,,,3
456,259,Robert Wayne,,,,6/26/2015 14:21,,,,,,,,,,7,,,,Robert_Wayne,,N,,,,,ProductDescriptionShort = 'Womens' and ProductManufacturer = 'Robert Wayne',Y,ALL WOMEN'S SHOES > Brands,,,3
457,259,Jeffrey Campbell,,,,5/9/2016 13:37,,,,,,,,,,7,,,Newest,Jeffrey_Campbell,,N,,,,,ProductDescriptionShort = 'Womens' and ProductManufacturer = 'Jeffrey Campbell',N,ALL WOMEN'S SHOES > Brands,,,3
458,258,Olukai,,,,5/9/2016 15:02,,,,,,,,,,1,,,Newest,Olukai,,N,,,,,ProductDescriptionShort = 'Mens' and ProductManufacturer = 'Olukai',N,ALL MEN'S SHOES > Brands,,,3
459,259,Sanuk,,,,5/9/2016 13:54,,,,,,,,,,7,,,Newest,Sanuk,,N,,,,,ProductDescriptionShort = 'Womens' and ProductManufacturer = 'Sanuk',N,ALL WOMEN'S SHOES > Brands,,,3
460,259,Chaco,,,,5/9/2016 13:24,,,,,,,,,,7,,,Newest,Chaco,,N,,,,,ProductDescriptionShort = 'Womens' and ProductManufacturer = 'Chaco',N,ALL WOMEN'S SHOES > Brands,,,3
461,258,Chaco,,,,4/29/2015 8:45,,,,,,,,,,1,,,,Chaco,,N,,,,,ProductDescriptionShort = 'Mens' and ProductManufacturer = 'Chaco',N,ALL MEN'S SHOES > Brands,,,3
462,259,Hoka,,,,5/9/2016 13:35,,,,,,,,,,7,,,Newest,Hoka,,N,,,,,ProductDescriptionShort = 'Womens' and ProductManufacturer = 'Hoka',N,ALL WOMEN'S SHOES > Brands,,,3
463,258,Hoka,,,,5/9/2016 14:57,,,,,,,,,,1,,,Newest,Hoka,,N,,,,,ProductDescriptionShort = 'Mens' and ProductManufacturer = 'Hoka',N,ALL MEN'S SHOES > Brands,,,3
465,0,Size,,,,5/14/2015 9:40,,,,,,,,,,465,,,,,,Y,,,,,,Y,,,,3
466,258,Natural World,,,,6/14/2016 12:56,,,,,,,,,,1,,,Newest,Natural World,,N,,,,,ProductDescriptionShort = 'Mens' and ProductManufacturer = 'Natural World',Y,ALL MEN'S SHOES > Brands,,,3
467,258,Soft Science,,,,6/14/2016 12:58,,,,,,,,,,1,,,Newest,,,N,,,,,ProductDescriptionShort = 'Mens' and ProductManufacturer = 'Soft Science',Y,ALL MEN'S SHOES > Brands,,,3
470,259,Enzo Angiolini,,,,5/9/2016 13:31,,,,,,,,,,7,,,Newest,Enzo Angiolini,,N,,,,,ProductDescriptionShort = 'Womens' and ProductManufacturer = 'Enzo Angiolini',N,ALL WOMEN'S SHOES > Brands,,,3
472,259,Ros Hommerson,,,,6/17/2016 10:43,,,,,,,,,,7,,,Newest,,,N,,,,,ProductDescriptionShort = 'Womens' and ProductManufacturer = 'Ros Hommerson',N,ALL WOMEN'S SHOES > Brands,,,3
473,259,Kanna,,,,6/17/2016 10:44,,,,,,,,,,7,,,Newest,,,N,,,,,ProductDescriptionShort = 'Womens' and ProductManufacturer='Kanna',N,ALL WOMEN'S SHOES > Brands,,,3
474,258,Sorel,,,,6/17/2016 10:47,,,,,,,,,,1,,,Newest,,,N,,,,,ProductDescriptionShort = 'Mens' and ProductManufacturer='Sorel',N,ALL MEN'S SHOES > Brands,,,3
475,258,North Face,,,,6/17/2016 10:48,,,,,,,,,,1,,,Newest,,,N,,,,,ProductDescriptionShort = 'Mens' and ProductManufacturer='North Face',N,ALL MEN'S SHOES > Brands,,,3
476,258,Under Armour,,,,6/17/2016 10:49,,,,,,,,,,1,,,Newest,,,N,,,,,ProductDescriptionShort = 'Mens' and ProductManufacturer='Under Armour',N,ALL MEN'S SHOES > Brands,,,3
477,258,Blundstone,,,,6/17/2016 10:51,,,,,,,,,,1,,,Newest,,,N,,,,,ProductDescriptionShort = 'Mens' and ProductManufacturer='Blundstone',N,ALL MEN'S SHOES > Brands,,,3
478,258,L.B. Evans Son,,,,6/17/2016 10:52,,,,,,,,,,1,,,Newest,,,N,,,,,ProductDescriptionShort = 'Mens' and ProductManufacturer='L.B. Evans Son Company',N,ALL MEN'S SHOES > Brands,,,3
479,258,David X Shoes,,,,6/17/2016 10:54,,,,,,,,,,1,,,Newest,,,N,,,,,ProductDescriptionShort = 'Mens' and ProductManufacturer='David X Shoes',N,ALL MEN'S SHOES > Brands,,,3
480,258,"Hi-Tec Sports USA, Inc.",,,,6/17/2016 10:55,,,,,,,,,,1,,,Newest,,,N,,,,,"ProductDescriptionShort = 'Mens' and ProductManufacturer='Hi-Tec Sports USA, Inc.'",N,ALL MEN'S SHOES > Brands,,,3
481,258,Rocky Shoes & Boots,,,,6/17/2016 10:57,,,,,,,,,,1,,,Newest,,,N,,,,,ProductDescriptionShort = 'Mens' and ProductManufacturer='Rocky Shoes & Boots Inc',N,ALL MEN'S SHOES > Brands,,,3
482,259,Propet,,,,6/17/2016 10:58,,,,,,,,,,7,,,Newest,,,N,,,,,ProductDescriptionShort = 'Womens' and ProductManufacturer='Propet Usa Inc.',N,ALL WOMEN'S SHOES > Brands,,,3
483,258,Lorens,,,,6/17/2016 10:59,,,,,,,,,,1,,,Newest,,,N,,,,,ProductDescriptionShort = 'Mens' and ProductManufacturer='Lorens',N,ALL MEN'S SHOES > Brands,,,3
484,259,Under Armour,,,,6/17/2016 11:00,,,,,,,,,,7,,,Newest,,,N,,,,,ProductDescriptionShort = 'Womens' and ProductManufacturer='Under Armour',N,ALL WOMEN'S SHOES > Brands,,,3
485,259,Toms Shoes Inc.,,,,6/29/2016 12:34,,,,,,,,,,7,,,Newest,,,N,,,,,ProductDescriptionShort = 'Womens' and ProductManufacturer='Toms Shoes Inc.',N,ALL WOMEN'S SHOES > Brands,,,3
486,73,Accessories,,,,4/25/2016 8:49,,,,,,,,,,73,,,,,,N,,,,,,Y,ACCESSORIES,,,3
487,259,Summer Rio Corp.,,,,6/17/2016 11:45,,,,,,,,,,7,,,Newest,,,N,,,,,ProductDescriptionShort = 'Womens' and ProductManufacturer='Summer Rio Corp.',N,ALL WOMEN'S SHOES > Brands,,,3
488,259,Elegant,,,,6/17/2016 11:46,,,,,,,,,,7,,,Newest,,,N,,,,,ProductDescriptionShort = 'Womens' and ProductManufacturer='Elegant',N,ALL WOMEN'S SHOES > Brands,,,3
490,437,Evening Bags,1,,,5/24/2016 10:36,,,,,,,,,,73,,,,,,,,,,,,,ACCESSORIES > Handbags,,,3
492,73,Brands,1,,,10/5/2016 14:06,,,,,,,,,,73,,,,,,N,,,,,,N,ACCESSORIES,,,4
493,492,Anuschka,,,,6/17/2016 11:48,,,,,,,,,,73,,,,,,N,,,,,ProductDescriptionShort = 'Accessories' and ProductManufacturer='Anuschka',N,ACCESSORIES > Brands,,,3
494,492,Laurel Burch,,,,6/29/2016 15:12,,,,,,,,,,73,,,,,,N,,,,,ProductDescriptionShort = 'Accessories' and ProductManufacturer='Laurel Burch',N,ACCESSORIES > Brands,,,3
496,492,Patricia Nash,,,,6/29/2016 15:12,,,,,,,,,,73,,,,,,N,,,,,ProductDescriptionShort = 'Accessories' and ProductManufacturer='Patricia Nash',N,ACCESSORIES > Brands,,,3
497,492,Baggallini,,,,6/29/2016 15:11,,,,,,,,,,73,,,,,,N,,,,,ProductDescriptionShort = 'Accessories' and ProductManufacturer='Baggallini',N,ACCESSORIES > Brands,,,3
498,492,Wendell August,,,,7/5/2016 13:23,,,,,,,,,,73,,,,,,N,,,,,ProductDescriptionShort = 'Accessories' and ProductManufacturer='Wendell August',Y,ACCESSORIES > Brands,,,3
499,492,Foot Traffic,,,,6/30/2016 11:01,,,,,,,,,,73,,,,,,N,,,,,ProductDescriptionShort = 'Accessories' and ProductManufacturer='Foot Traffic',Y,ACCESSORIES > Brands,,,3
500,492,Vinrella,,,,6/29/2016 15:21,,,,,,,,,,73,,,,,,N,,,,,ProductDescriptionShort = 'Accessories' and ProductManufacturer='Vinrella',N,ACCESSORIES > Brands,,,3
501,492,Johnston & Murphy,,,,6/29/2016 15:34,,,,,,,,,,73,,,,,,N,,,,,ProductDescriptionShort = 'Accessories' and ProductManufacturer='Johnston & Murphy',N,ACCESSORIES > Brands,,,3
502,492,K. Bell,,,,6/29/2016 15:35,,,,,,,,,,73,,,,,,N,,,,,ProductDescriptionShort = 'Accessories' and ProductManufacturer='K. Bell',N,ACCESSORIES > Brands,,,3
503,492,Magid,,,,7/5/2016 13:22,,,,,,,,,,73,,,,,,N,,,,,ProductDescriptionShort = 'Accessories' and ProductManufacturer='Magid Handbags & Belts',Y,ACCESSORIES > Brands,,,3
504,259,Onex,,,,6/29/2016 15:50,,,,,,,,,,7,,,,,,N,,,,,ProductDescriptionShort = 'Womens' and ProductManufacturer='Onex',N,ALL WOMEN'S SHOES > Brands,,,3
505,492,Alegria,,,,6/29/2016 16:53,,,,,,,,,,73,,,,,,N,,,,,ProductDescriptionShort = 'Accessories' and ProductManufacturer='Alegria',Y,ACCESSORIES > Brands,,,3
506,259,Report Footwear Inc.,,,,6/29/2016 15:59,,,,,,,,,,7,,,,,,N,,,,,ProductDescriptionShort = 'Accessories' and ProductManufacturer='Report Footwear Inc.',N,ALL WOMEN'S SHOES > Brands,,,3
507,258,Propet Usa Inc.,,1,,6/29/2016 16:06,,,,,,,,,,1,,,,,,N,,,,,ProductDescriptionShort = 'Mens' and ProductManufacturer='Propet',N,ALL MEN'S SHOES > Brands,,,3
508,259,Caparros Corporation,,1,,6/29/2016 16:10,,,,,,,,,,7,,,,,,N,,,,,ProductDescriptionShort = 'Womens' and ProductManufacturer='Caparros Corporation',N,ALL WOMEN'S SHOES > Brands,,,3
509,258,Robert Wayne,,,,6/29/2016 16:12,,,,,,,,,,1,,,,,,N,,,,,ProductDescriptionShort = 'Mens' and ProductManufacturer='Robert Wayne',N,ALL MEN'S SHOES > Brands,,,3
510,492,Hunter Boots,,,,6/29/2016 16:15,,,,,,,,,,73,,,,,,N,,,,,ProductDescriptionShort = 'Accessories' and ProductManufacturer='Hunter Boots',N,ACCESSORIES > Brands,,,3
511,492,UGG,,,,6/29/2016 16:24,,,,,,,,,,73,,,,,,N,,,,,ProductDescriptionShort = 'Accessories' and ProductManufacturer='UGG',N,ACCESSORIES > Brands,,,3
512,492,Chelsea Taylor,,,,7/5/2016 11:53,,,,,,,,,,73,,,,,,N,,,,,ProductDescriptionShort = 'Accessories' and ProductManufacturer='Chelsea Taylor',N,ACCESSORIES > Brands,,,3
513,442,Rings,,,,7/1/2016 15:01,,,,,,,,,,73,,,,,,N,,,,,,N,ACCESSORIES > Jewelry,,,3
514,259,Walking Cradle,,1,,7/6/2016 13:16,,,,,,,,,,7,,,,,,N,,,,,ProductDescriptionShort = 'Womens' and ProductManufacturer = 'The Walking Cradle Co.',N,ALL WOMEN'S SHOES > Brands,,,3
515,259,Not Rated,,,,7/22/2016 14:21,,,,,,,,,,7,,,,,,N,,,,,ProductDescriptionShort = 'Womens' and ProductManufacturer = 'Not Rated',N,ALL WOMEN'S SHOES > Brands,,,3
516,259,Drew Shoe Corp,,,,8/19/2016 14:35,,,,,,,,,,7,,,,,,N,,,,,ProductDescriptionShort = 'Womens' and ProductManufacturer = 'Drew Shoe Corp',N,ALL WOMEN'S SHOES > Brands,,,3
517,259,Rockport,,,,10/5/2016 15:05,,,,,,,,,,7,,,,Rockport,,N,,,,,ProductDescriptionShort = 'Womens' and ProductManufacturer = 'Rockport',N,ALL WOMEN'S SHOES > Brands,,,3
518,259,Tempur-Pedic,,,,9/22/2016 13:54,,,,,,,,,,7,,,,Tempur-Pedic,,N,,,,,ProductDescriptionShort = 'Womens' and ProductManufacturer = 'Tempur-Pedic',N,ALL WOMEN'S SHOES > Brands,,,3
519,0,Search by Size,2,1,https://www.reyers.com/Articles.asp?ID=243,9/27/2016 14:23,,,,,,,,,,519,,,,,,N,,,,,,N,,,,3
520,2,Dress Boot,1,,,10/24/2016 10:33,,,,,,,,,,1,,,Newest,,,N,,,,,,N,ALL MEN'S SHOES > Boots,,,3
521,2,Waterproof Boot,1,,,10/24/2016 10:34,,,,,,,,,,1,,,Newest,,,N,,,,,,N,ALL MEN'S SHOES > Boots,,,3
522,2,Fur Lined,1,,,10/24/2016 10:33,,,,,,,,,,1,,,Newest,,,N,,,,,,N,ALL MEN'S SHOES > Boots,,,3
523,13,Hiking,1,,,10/25/2016 8:07,,,,,,,,,,7,,,,,,,,,,,,,ALL WOMEN'S SHOES > Boots,,,3
524,259,Laforst,,,,11/14/2016 12:26,,,,,,,,,,7,,,,,,N,,,,,ProductDescriptionShort = 'Womens' and ProductManufacturer = 'Laforst',N,ALL WOMEN'S SHOES > Brands,,,3
525,0,Slipper Sale,,,,11/14/2016 10:47,,,,,,,,,,525,,,,,,N,,,,,,N,,,,3
527,259,Hypard Trading Corp,,,,11/15/2016 12:38,,,,,,,,,,7,,,,,,N,,,,,ProductDescriptionShort = 'Womens' and ProductManufacturer = 'Hypard Trading Corp.',N,ALL WOMEN'S SHOES > Brands,,,3
